"Time (s)"	"Illuminance (lx)"
9.392525710E-1	1.500000000E1
1.939252571E0	2.600000000E1
2.939252571E0	6.200000000E1
4.053189555E0	6.000000000E0
5.053189555E0	6.000000000E0
6.053189555E0	6.000000000E0
7.053189555E0	4.000000000E0
8.053189555E0	6.000000000E0
9.053189555E0	8.000000000E0
1.024171933E1	8.000000000E0
1.124171933E1	4.000000000E0
1.224171933E1	4.000000000E0
1.320527760E1	4.997000000E3
1.420527760E1	3.212000000E3
1.520527760E1	5.280000000E3
1.620527760E1	6.676000000E3
1.720527760E1	7.292000000E3
1.820527760E1	5.315000000E3
1.920527760E1	5.834000000E3
2.020527760E1	3.516000000E3
2.120527760E1	4.032000000E3
2.220527760E1	2.121000000E3
2.320527760E1	2.800000000E1
2.420527760E1	3.000000000E0
2.520527760E1	2.000000000E0
2.620527760E1	3.000000000E0
2.720527760E1	3.000000000E0
2.820527760E1	3.000000000E0
2.920527760E1	2.000000000E0
3.020527760E1	3.000000000E0
3.120527760E1	1.700000000E1
3.220527760E1	4.000000000E0
3.320527760E1	2.680000000E2
3.420527760E1	8.414000000E3
3.520527760E1	7.144000000E3
3.620527760E1	5.783000000E3
3.720527760E1	7.861000000E3
3.820527760E1	6.861000000E3
3.920527760E1	5.972000000E3
4.020527760E1	2.434000000E3
4.120527760E1	4.221000000E3
4.220527760E1	5.915000000E3
4.320527760E1	7.437000000E3
4.420527760E1	1.032800000E4
4.520527760E1	8.351000000E3
4.620527760E1	8.081000000E3
4.720527760E1	7.138000000E3
4.820527760E1	5.994000000E3
4.920527760E1	6.883000000E3
5.020527760E1	7.251000000E3
5.120527760E1	8.002000000E3
5.220527760E1	7.279000000E3
5.320527760E1	6.748000000E3
5.420527760E1	7.644000000E3
5.520527760E1	7.484000000E3
5.620527760E1	8.468000000E3
5.720527760E1	8.241000000E3
5.820527760E1	7.521000000E3
5.920527760E1	7.078000000E3
6.020527760E1	6.790000000E3
6.120527760E1	6.440000000E3
6.220527760E1	7.248000000E3
6.320527760E1	7.980000000E3
6.420527760E1	9.082000000E3
6.520527760E1	8.304000000E3
6.620527760E1	7.735000000E3
6.720527760E1	7.793000000E3
6.820527760E1	8.407000000E3
6.920527760E1	8.299000000E3
7.020527760E1	7.852000000E3
7.120527760E1	8.086000000E3
7.220527760E1	8.236000000E3
7.320527760E1	8.141000000E3
7.420527760E1	7.980000000E3
7.520527760E1	7.965000000E3
7.620527760E1	8.095000000E3
7.720527760E1	8.251000000E3
7.820527760E1	8.238000000E3
7.920527760E1	7.938000000E3
8.020527760E1	7.771000000E3
8.120527760E1	6.352000000E3
8.220527760E1	5.153000000E3
8.320527760E1	8.769000000E3
8.420527760E1	9.829000000E3
8.520527760E1	8.342000000E3
8.620527760E1	8.090000000E3
8.720527760E1	6.582000000E3
8.820527760E1	7.251000000E3
8.920527760E1	8.427000000E3
9.020527760E1	7.449000000E3
9.120527760E1	6.814000000E3
9.220527760E1	7.308000000E3
9.320527760E1	7.622000000E3
9.420527760E1	7.462000000E3
9.520527760E1	6.720000000E3
9.620527760E1	5.777000000E3
9.720527760E1	6.546000000E3
9.820527760E1	7.842000000E3
9.920527760E1	7.226000000E3
1.002052776E2	7.053000000E3
1.012052776E2	6.792000000E3
1.022052776E2	6.648000000E3
1.032052776E2	6.739000000E3
1.042052776E2	7.085000000E3
1.052052776E2	7.151000000E3
1.062052776E2	6.773000000E3
1.072052776E2	5.902000000E3
1.082052776E2	4.858000000E3
1.092052776E2	4.036000000E3
1.102052776E2	3.778000000E3
1.112052776E2	6.610000000E3
1.122052776E2	6.327000000E3
1.132052776E2	6.629000000E3
1.142052776E2	6.569000000E3
1.152052776E2	6.318000000E3
1.162052776E2	6.575000000E3
1.172052776E2	5.990000000E3
1.182052776E2	7.292000000E3
1.192052776E2	7.081000000E3
1.202052776E2	7.342000000E3
1.212052776E2	8.006000000E3
1.222052776E2	8.147000000E3
1.232052776E2	8.807000000E3
1.242052776E2	7.757000000E3
1.252052776E2	7.165000000E3
1.262052776E2	7.936000000E3
1.272052776E2	7.754000000E3
1.282052776E2	8.191000000E3
1.292052776E2	8.122000000E3
1.302052776E2	8.518000000E3
1.312052776E2	7.534000000E3
1.322052776E2	7.874000000E3
1.332052776E2	8.056000000E3
1.342052776E2	7.958000000E3
1.352052776E2	9.624000000E3
1.362052776E2	9.172000000E3
1.372052776E2	7.081000000E3
1.382052776E2	7.660000000E3
1.392052776E2	7.220000000E3
1.402052776E2	7.012000000E3
1.412052776E2	7.019000000E3
1.422052776E2	7.094000000E3
1.432052776E2	7.097000000E3
1.442052776E2	7.644000000E3
1.452052776E2	8.756000000E3
1.462052776E2	8.355000000E3
1.472052776E2	1.219200000E4
1.482052776E2	7.760000000E3
1.492052776E2	4.523000000E3
1.502052776E2	2.756000000E3
1.512052776E2	5.457000000E3
1.522052776E2	5.611000000E3
1.532052776E2	6.028000000E3
1.542052776E2	6.347000000E3
1.552052776E2	9.841000000E3
1.562052776E2	1.066500000E4
1.572052776E2	1.072100000E4
1.582052776E2	8.587000000E3
1.592052776E2	8.279000000E3
1.602052776E2	7.965000000E3
1.612052776E2	7.100000000E3
1.622052776E2	7.984000000E3
1.632052776E2	7.930000000E3
1.642052776E2	7.581000000E3
1.652052776E2	7.044000000E3
1.662052776E2	7.496000000E3
1.672052776E2	7.449000000E3
1.682052776E2	7.371000000E3
1.692052776E2	7.845000000E3
1.702052776E2	7.632000000E3
1.712052776E2	7.889000000E3
1.722052776E2	8.144000000E3
1.732052776E2	9.197000000E3
1.742052776E2	7.968000000E3
1.752052776E2	5.382000000E3
1.762052776E2	5.217000000E3
1.772052776E2	5.085000000E3
1.782052776E2	7.877000000E3
1.792052776E2	7.317000000E3
1.802052776E2	8.276000000E3
1.812052776E2	1.229300000E4
1.822052776E2	1.124000000E4
1.832052776E2	8.009000000E3
1.842052776E2	5.021000000E3
1.852052776E2	5.453000000E3
1.862052776E2	7.833000000E3
1.872052776E2	8.320000000E3
1.882052776E2	8.509000000E3
1.892052776E2	8.559000000E3
1.902052776E2	8.458000000E3
1.912052776E2	8.263000000E3
1.922052776E2	8.336000000E3
1.932052776E2	8.515000000E3
1.942052776E2	8.502000000E3
1.952052776E2	7.918000000E3
1.962052776E2	8.125000000E3
1.972052776E2	8.439000000E3
1.982052776E2	8.178000000E3
1.992052776E2	7.764000000E3
2.002052776E2	9.011000000E3
2.012052776E2	8.587000000E3
2.022052776E2	9.668000000E3
2.032052776E2	8.600000000E3
2.042052776E2	6.500000000E3
2.052052776E2	3.864000000E3
2.062052776E2	6.931000000E3
2.072052776E2	4.585000000E3
2.082052776E2	7.828000000E3
2.092052776E2	1.243500000E4
2.102052776E2	1.250100000E4
2.112052776E2	1.285900000E4
2.122052776E2	1.296300000E4
2.132052776E2	1.031000000E4
2.142052776E2	9.285000000E3
2.152052776E2	1.091300000E4
2.162052776E2	1.225900000E4
2.172052776E2	9.870000000E3
2.182052776E2	9.983000000E3
2.192052776E2	8.354000000E3
2.202052776E2	8.361000000E3
2.212052776E2	1.120500000E4
2.222052776E2	1.063000000E4
2.232052776E2	8.483000000E3
2.242052776E2	1.314800000E4
2.252052776E2	9.401000000E3
2.262052776E2	5.585000000E3
2.272052776E2	5.647000000E3
2.282052776E2	7.180000000E3
2.292052776E2	4.448000000E3
2.302052776E2	7.438000000E3
2.312052776E2	5.169000000E3
2.322052776E2	5.437000000E3
2.332052776E2	7.310000000E3
2.342052776E2	4.393000000E3
2.352052776E2	7.101000000E3
2.362052776E2	6.420000000E3
2.372052776E2	5.614000000E3
2.382052776E2	7.667000000E3
2.392052776E2	4.135000000E3
2.402052776E2	7.414000000E3
2.412052776E2	6.874000000E3
2.422052776E2	7.427000000E3
2.432052776E2	8.487000000E3
2.442052776E2	5.323000000E3
2.452052776E2	6.621000000E3
2.462052776E2	4.344000000E3
2.472052776E2	5.830000000E3
2.482052776E2	5.638000000E3
2.492052776E2	5.457000000E3
2.502052776E2	4.373000000E3
2.512052776E2	6.649000000E3
2.522052776E2	6.936000000E3
2.532052776E2	5.893000000E3
2.542052776E2	7.321000000E3
2.552052776E2	5.574000000E3
2.562052776E2	6.264000000E3
2.572052776E2	6.621000000E3
2.582052776E2	4.994000000E3
2.592052776E2	7.504000000E3
2.602052776E2	7.947000000E3
2.612052776E2	7.575000000E3
2.622052776E2	7.934000000E3
2.632052776E2	7.788000000E3
2.642052776E2	8.086000000E3
2.652052776E2	7.973000000E3
2.662052776E2	8.249000000E3
2.672052776E2	7.678000000E3
2.682052776E2	7.733000000E3
2.692052776E2	7.482000000E3
2.702052776E2	7.768000000E3
2.712052776E2	7.810000000E3
2.722052776E2	9.769000000E3
2.732052776E2	9.544000000E3
2.742052776E2	9.121000000E3
2.752052776E2	1.081900000E4
2.762052776E2	9.807000000E3
2.772052776E2	1.108000000E4
2.782052776E2	3.569000000E3
2.792052776E2	6.566000000E3
2.802052776E2	7.993000000E3
2.812052776E2	6.431000000E3
2.822052776E2	5.626000000E3
2.832052776E2	7.540000000E3
2.842052776E2	6.261000000E3
2.852052776E2	7.371000000E3
2.862052776E2	8.310000000E3
2.872052776E2	3.069000000E3
2.882052776E2	1.028000000E3
2.892052776E2	8.160000000E2
2.902052776E2	2.311000000E3
2.912052776E2	7.962000000E3
2.922052776E2	1.994700000E4
2.932052776E2	1.619100000E4
2.942052776E2	4.073100000E4
2.952052776E2	3.871600000E4
2.962052776E2	1.749800000E4
2.972052776E2	1.789400000E4
2.982052776E2	1.752400000E4
2.992052776E2	1.865800000E4
3.002052776E2	1.651500000E4
3.012052776E2	1.433300000E4
3.022052776E2	1.620700000E4
3.032052776E2	1.857300000E4
3.042052776E2	3.616700000E4
3.052052776E2	3.250200000E4
3.062052776E2	2.131100000E4
3.072052776E2	6.925000000E3
3.082052776E2	3.787000000E3
3.092052776E2	2.346800000E4
3.102052776E2	4.425000000E3
3.112052776E2	1.114000000E3
3.122052776E2	6.532400000E4
3.132052776E2	6.658500000E4
3.142052776E2	7.319800000E4
3.152052776E2	3.363900000E4
3.162052776E2	6.087000000E3
3.172052776E2	1.701100000E4
3.182052776E2	1.189000000E3
3.192052776E2	4.303000000E3
3.202052776E2	2.176000000E3
3.212052776E2	2.694000000E3
3.222052776E2	5.904000000E3
3.232052776E2	2.018900000E4
3.242052776E2	1.967000000E3
3.252052776E2	4.027000000E3
3.262052776E2	1.811000000E3
3.272052776E2	1.861000000E3
3.282052776E2	2.862000000E3
3.292052776E2	1.033000000E3
3.302052776E2	1.359000000E3
3.312052776E2	3.492000000E3
3.322052776E2	1.015000000E3
3.332052776E2	1.220000000E3
3.342052776E2	2.223000000E3
3.352052776E2	1.236000000E3
3.362052776E2	2.588000000E3
3.372052776E2	5.774000000E3
3.382052776E2	8.125000000E3
3.392052776E2	4.990000000E3
3.402052776E2	4.732000000E3
3.412052776E2	8.964000000E3
3.422052776E2	5.572000000E3
3.432052776E2	8.549000000E3
3.442052776E2	9.357000000E3
3.452052776E2	1.505000000E4
3.462052776E2	6.374000000E4
3.472052776E2	8.857000000E3
3.482052776E2	9.800000000E3
3.492052776E2	1.061500000E4
3.502052776E2	1.194400000E4
3.512052776E2	6.655600000E4
3.522052776E2	3.369300000E4
3.532052776E2	9.716000000E3
3.542052776E2	1.902300000E4
3.552052776E2	1.675300000E4
3.562052776E2	3.927200000E4
3.572052776E2	3.524300000E4
3.582052776E2	1.119600000E4
3.592052776E2	4.154200000E4
3.602052776E2	2.001300000E4
3.612052776E2	2.007300000E4
3.622052776E2	2.227300000E4
3.632052776E2	8.688000000E3
3.642052776E2	8.546000000E3
3.652052776E2	2.451400000E4
3.662052776E2	8.573100000E4
3.672052776E2	9.906200000E4
3.682052776E2	6.326900000E4
3.692052776E2	7.269200000E4
3.702052776E2	5.868600000E4
3.712052776E2	4.339300000E4
3.722052776E2	4.519400000E4
3.732052776E2	4.990000000E4
3.742052776E2	6.061900000E4
3.752052776E2	4.769300000E4
3.762052776E2	4.714000000E4
3.772052776E2	5.824900000E4
3.782052776E2	1.065870000E5
3.792052776E2	7.383300000E4
3.802052776E2	6.061900000E4
3.812052776E2	5.654800000E4
3.822052776E2	5.909700000E4
3.832052776E2	5.988300000E4
3.842052776E2	6.348900000E4
3.852052776E2	6.466400000E4
3.862052776E2	5.950300000E4
3.872052776E2	4.760500000E4
3.882052776E2	5.936100000E4
3.892052776E2	4.235000000E4
3.902052776E2	6.872200000E4
3.912052776E2	5.545400000E4
3.922052776E2	6.493100000E4
3.932052776E2	5.914800000E4
3.942052776E2	6.447900000E4
3.952052776E2	4.693600000E4
3.962052776E2	6.371500000E4
3.972052776E2	6.283200000E4
3.982052776E2	7.177800000E4
3.992052776E2	9.771500000E4
4.002052776E2	1.054300000E5
4.012052776E2	7.719800000E4
4.022052776E2	9.650000000E4
4.032052776E2	7.590900000E4
4.042052776E2	5.989100000E4
4.052052776E2	7.850200000E4
4.062052776E2	3.030100000E4
4.072052776E2	7.678200000E4
4.082052776E2	1.079260000E5
4.092052776E2	1.538000000E4
4.102052776E2	1.039500000E5
4.112052776E2	9.523900000E4
4.122052776E2	8.675200000E4
4.132052776E2	8.017700000E4
4.142052776E2	7.630800000E4
4.152052776E2	7.548400000E4
4.162052776E2	7.140300000E4
4.172052776E2	7.314000000E3
4.182052776E2	2.235800000E4
4.192052776E2	1.052320000E5
4.202052776E2	2.798000000E3
4.212052776E2	1.009600000E4
4.222052776E2	1.677900000E4
4.232052776E2	6.975300000E4
4.242052776E2	1.605300000E4
4.252052776E2	2.928900000E4
4.262052776E2	8.430000000E2
4.272052776E2	7.371000000E3
4.282052776E2	1.699900000E4
4.292052776E2	2.016000000E3
4.302052776E2	8.861000000E3
4.312052776E2	3.996400000E4
4.322052776E2	1.216700000E4
4.332052776E2	5.810400000E4
4.342052776E2	5.237700000E4
4.352052776E2	9.426000000E3
4.362052776E2	5.280800000E4
4.372052776E2	1.073100000E4
4.382052776E2	7.532600000E4
4.392052776E2	1.331800000E4
4.402052776E2	1.185600000E4
4.412052776E2	1.028400000E4
4.422052776E2	1.138800000E4
4.432052776E2	1.850100000E4
4.442052776E2	4.307000000E3
4.452052776E2	3.002100000E4
4.462052776E2	9.367000000E3
4.472052776E2	3.190000000E3
4.482052776E2	2.027400000E4
4.492052776E2	4.636000000E3
4.502052776E2	1.026900000E4
4.512052776E2	1.722500000E4
4.522052776E2	6.255000000E3
4.532052776E2	3.894000000E3
4.542052776E2	3.102400000E4
4.552052776E2	5.601000000E3
4.562052776E2	2.421000000E3
4.572052776E2	1.866000000E3
4.582052776E2	1.833000000E3
4.592052776E2	1.663000000E3
4.602052776E2	1.819000000E3
4.612052776E2	1.709000000E3
4.622052776E2	1.524000000E3
4.632052776E2	1.692000000E3
4.642052776E2	1.626000000E3
4.652052776E2	5.356000000E3
4.662052776E2	8.779000000E3
4.672052776E2	1.052300000E4
4.682052776E2	1.149500000E4
4.692052776E2	1.146600000E4
4.702052776E2	9.980000000E3
4.712052776E2	6.990000000E3
4.722052776E2	8.480000000E3
4.732052776E2	7.936000000E3
4.742052776E2	6.855000000E3
4.752052776E2	6.645000000E3
4.762052776E2	6.613000000E3
4.772052776E2	6.384000000E3
4.782052776E2	6.305000000E3
4.792052776E2	6.380000000E3
4.802052776E2	6.572000000E3
4.812052776E2	6.657000000E3
4.822052776E2	6.198000000E3
4.832052776E2	6.236000000E3
4.842052776E2	6.138000000E3
4.852052776E2	6.142000000E3
4.862052776E2	6.003000000E3
4.872052776E2	6.142000000E3
4.882052776E2	6.252000000E3
4.892052776E2	6.230000000E3
4.902052776E2	6.327000000E3
4.912052776E2	6.443000000E3
4.922052776E2	6.808000000E3
4.932052776E2	3.794000000E3
4.942052776E2	1.806000000E3
4.952052776E2	2.549000000E3
4.962052776E2	3.331000000E3
4.972052776E2	5.419000000E3
4.982052776E2	7.371000000E3
4.992052776E2	8.310000000E3
5.002052776E2	9.291000000E3
5.012052776E2	1.086000000E4
5.022052776E2	1.279300000E4
5.032052776E2	1.111100000E4
5.042052776E2	1.112100000E4
5.052052776E2	1.073400000E4
5.062052776E2	1.052300000E4
5.072052776E2	1.152000000E4
5.082052776E2	1.205100000E4
5.092052776E2	1.666500000E4
5.102052776E2	6.351100000E4
5.112052776E2	1.528600000E4
5.122052776E2	4.177000000E3
5.132052776E2	4.457000000E3
5.142052776E2	3.617000000E3
5.152052776E2	5.990000000E3
5.162052776E2	4.686000000E3
5.172052776E2	4.344000000E3
5.182052776E2	5.307000000E3
5.192052776E2	4.164000000E3
5.202052776E2	4.228000000E3
5.212052776E2	5.206000000E3
5.222052776E2	4.545000000E3
5.232052776E2	4.543000000E3
5.242052776E2	4.538000000E3
5.252052776E2	4.060000000E3
5.262052776E2	4.906000000E3
5.272052776E2	4.351000000E3
5.282052776E2	3.578000000E3
5.292052776E2	4.492000000E3
5.302052776E2	4.270000000E3
5.312052776E2	4.378000000E3
5.322052776E2	4.314000000E3
5.332052776E2	6.118000000E3
5.342052776E2	4.607000000E3
5.352052776E2	5.739000000E3
5.362052776E2	7.114000000E3
5.372052776E2	1.945700000E4
5.382052776E2	1.252900000E4
5.392052776E2	1.010800000E4
5.402052776E2	1.027200000E4
5.412052776E2	1.101700000E4
5.422052776E2	1.109900000E4
5.432052776E2	1.146600000E4
5.442052776E2	1.088200000E4
5.452052776E2	1.130600000E4
5.462052776E2	1.171800000E4
5.472052776E2	1.194700000E4
5.482052776E2	1.358500000E4
5.492052776E2	1.187200000E4
5.502052776E2	1.206700000E4
5.512052776E2	1.318300000E4
5.522052776E2	1.209800000E4
5.532052776E2	1.202600000E4
5.542052776E2	1.248800000E4
5.552052776E2	1.308500000E4
5.562052776E2	1.405300000E4
5.572052776E2	2.146800000E4
5.582052776E2	1.234000000E4
5.592052776E2	1.183700000E4
5.602052776E2	1.082800000E4
5.612052776E2	1.007400000E4
5.622052776E2	9.382000000E3
5.632052776E2	9.810000000E3
5.642052776E2	9.876000000E3
5.652052776E2	1.303200000E4
5.662052776E2	1.081600000E4
5.672052776E2	1.025000000E4
5.682052776E2	6.981000000E3
5.692052776E2	6.960000000E2
5.702052776E2	5.001000000E3
5.712052776E2	7.151000000E3
5.722052776E2	8.461000000E3
5.732052776E2	9.052000000E3
5.742052776E2	1.077800000E4
5.752052776E2	1.102900000E4
5.762052776E2	1.159500000E4
5.772052776E2	9.313000000E3
5.782052776E2	8.295000000E3
5.792052776E2	1.022200000E4
5.802052776E2	1.065900000E4
5.812052776E2	1.093200000E4
5.822052776E2	1.149500000E4
5.832052776E2	1.172400000E4
5.842052776E2	1.246900000E4
5.852052776E2	1.189400000E4
5.862052776E2	1.130900000E4
5.872052776E2	1.147900000E4
5.882052776E2	1.178100000E4
5.892052776E2	1.144100000E4
5.902052776E2	1.155800000E4
5.912052776E2	1.147000000E4
5.922052776E2	2.240000000E3
5.932052776E2	7.723000000E3
5.942052776E2	9.050000000E2
5.952052776E2	3.610000000E2
5.962052776E2	2.451000000E3
5.972052776E2	8.876000000E3
5.982052776E2	1.153900000E4
5.992052776E2	1.148200000E4
6.002052776E2	1.110800000E4
6.012052776E2	1.219200000E4
6.022052776E2	1.148500000E4
6.032052776E2	1.155800000E4
6.042052776E2	1.096000000E4
6.052052776E2	1.072800000E4
6.062052776E2	1.123100000E4
6.072052776E2	1.244400000E4
6.082052776E2	1.127500000E4
6.092052776E2	9.609000000E3
6.102052776E2	9.584000000E3
6.112052776E2	1.031300000E4
6.122052776E2	9.587000000E3
6.132052776E2	9.687000000E3
6.142052776E2	7.701000000E3
6.152052776E2	1.762000000E3
6.162052776E2	3.388000000E3
6.172052776E2	3.327000000E3
6.182052776E2	3.377000000E3
6.192052776E2	3.373000000E3
6.202052776E2	3.340000000E3
6.212052776E2	4.036000000E3
6.222052776E2	3.977000000E3
6.232052776E2	3.300000000E3
6.242052776E2	4.245000000E3
6.252052776E2	4.250000000E3
6.262052776E2	4.289000000E3
6.272052776E2	4.102000000E3
6.282052776E2	3.100000000E3
6.292052776E2	2.071000000E3
6.302052776E2	2.632000000E3
6.312052776E2	2.681000000E3
6.322052776E2	3.293000000E3
6.332052776E2	3.073000000E3
6.342052776E2	3.576000000E3
6.352052776E2	3.534000000E3
6.362052776E2	3.756000000E3
6.372052776E2	4.750000000E3
6.382052776E2	8.273000000E3
6.392052776E2	8.713000000E3
6.402052776E2	7.738000000E3
6.412052776E2	4.909000000E3
6.422052776E2	3.930000000E3
6.432052776E2	4.179000000E3
6.442052776E2	4.034000000E3
6.452052776E2	5.014000000E3
6.462052776E2	5.395000000E3
6.472052776E2	3.757700000E4
6.482052776E2	3.844000000E3
6.492052776E2	4.627000000E3
6.502052776E2	4.197000000E3
6.512052776E2	3.507000000E3
6.522052776E2	5.265000000E3
6.532052776E2	5.129000000E3
6.542052776E2	4.497000000E3
6.552052776E2	4.856000000E3
6.562052776E2	5.620000000E3
6.572052776E2	4.838000000E3
6.582052776E2	2.218000000E3
6.592052776E2	1.531000000E3
6.602052776E2	1.114000000E3
6.612052776E2	7.500000000E2
6.622052776E2	9.180000000E2
6.632052776E2	2.254000000E3
6.642052776E2	2.082000000E3
6.652052776E2	1.377000000E4
6.662052776E2	1.893000000E3
6.672052776E2	2.791000000E3
6.682052776E2	4.853000000E3
6.692052776E2	2.505000000E3
6.702052776E2	2.796000000E3
6.712052776E2	6.629000000E3
6.722052776E2	8.458000000E3
6.732052776E2	9.049000000E3
6.742052776E2	8.989000000E3
6.752052776E2	9.150000000E3
6.762052776E2	9.675000000E3
6.772052776E2	8.879000000E3
6.782052776E2	4.179000000E3
6.792052776E2	7.300000000E2
6.802052776E2	6.460000000E2
6.812052776E2	2.910000000E3
6.822052776E2	1.888000000E3
6.832052776E2	2.584000000E3
6.842052776E2	1.410000000E3
6.852052776E2	1.903000000E3
6.862052776E2	3.703000000E3
6.872052776E2	2.981000000E3
6.882052776E2	7.273000000E3
6.892052776E2	6.601000000E3
6.902052776E2	7.720000000E3
6.912052776E2	1.178700000E4
6.922052776E2	2.510400000E4
6.932052776E2	9.580000000E3
6.942052776E2	9.260000000E3
6.952052776E2	9.351000000E3
6.962052776E2	2.729000000E3
6.972052776E2	4.267000000E3
6.982052776E2	7.345000000E3
6.992052776E2	7.694000000E3
7.002052776E2	9.433000000E3
7.012052776E2	5.058000000E3
7.022052776E2	6.041000000E3
7.032052776E2	5.074000000E3
7.042052776E2	7.063000000E3
7.052052776E2	4.012000000E3
7.062052776E2	6.541000000E3
7.072052776E2	8.320000000E3
7.082052776E2	4.728000000E3
7.092052776E2	8.411000000E3
7.102052776E2	1.010800000E4
7.112052776E2	5.896000000E3
7.122052776E2	6.352000000E3
7.132052776E2	4.917000000E3
7.142052776E2	4.657000000E3
7.152052776E2	4.219000000E3
7.162052776E2	3.774000000E3
7.172052776E2	7.311000000E3
7.182052776E2	9.291000000E3
7.192052776E2	1.403100000E4
7.202052776E2	9.769000000E3
7.212052776E2	9.951000000E3
7.222052776E2	1.148500000E4
7.232052776E2	1.213900000E4
7.242052776E2	1.160800000E4
7.252052776E2	1.233700000E4
7.262052776E2	1.139400000E4
7.272052776E2	5.514000000E3
7.282052776E2	5.067000000E3
7.292052776E2	6.657000000E3
7.302052776E2	1.067100000E4
7.312052776E2	1.126500000E4
7.322052776E2	9.653000000E3
7.332052776E2	6.475000000E3
7.342052776E2	1.024000000E4
7.352052776E2	5.755000000E3
7.362052776E2	5.805000000E3
7.372052776E2	1.108300000E4
7.382052776E2	1.096300000E4
7.392052776E2	1.003900000E4
7.402052776E2	6.105000000E3
7.412052776E2	1.148500000E4
7.422052776E2	1.253200000E4
7.432052776E2	1.292800000E4
7.442052776E2	1.280500000E4
7.452052776E2	1.221800000E4
7.462052776E2	8.577000000E3
7.472052776E2	6.356000000E3
7.482052776E2	1.083100000E4
7.492052776E2	2.212500000E4
7.502052776E2	1.327400000E4
7.512052776E2	6.667000000E3
7.522052776E2	6.435000000E3
7.532052776E2	4.497000000E3
7.542052776E2	9.970000000E3
7.552052776E2	9.860000000E3
7.562052776E2	1.307600000E4
7.572052776E2	1.259800000E4
7.582052776E2	1.150400000E4
7.592052776E2	3.292900000E4
7.602052776E2	7.500600000E4
7.612052776E2	3.218400000E4
7.622052776E2	1.173400000E4
7.632052776E2	1.148800000E4
7.642052776E2	1.113900000E4
7.652052776E2	1.129300000E4
7.662052776E2	1.165500000E4
7.672052776E2	1.185900000E4
7.682052776E2	7.210100000E4
7.692052776E2	7.946000000E3
7.702052776E2	7.918000000E3
7.712052776E2	7.814000000E3
7.722052776E2	1.925900000E4
7.732052776E2	1.541100000E4
7.742052776E2	1.488600000E4
7.752052776E2	1.096700000E4
7.762052776E2	8.197000000E3
7.772052776E2	4.076000000E3
7.782052776E2	4.331000000E3
7.792052776E2	2.923000000E3
7.802052776E2	5.248000000E3
7.812052776E2	3.042000000E3
7.822052776E2	5.138000000E3
7.832052776E2	2.831000000E3
7.842052776E2	3.395000000E3
7.852052776E2	2.987000000E3
7.862052776E2	2.864000000E3
7.872052776E2	3.080000000E3
7.882052776E2	3.291000000E3
7.892052776E2	4.080000000E3
7.902052776E2	6.632000000E3
7.912052776E2	1.004000000E3
7.922052776E2	8.100000000E1
7.932052776E2	1.900000000E1
7.942052776E2	1.700000000E1
7.952052776E2	3.700000000E1
7.962052776E2	1.600000000E2
7.972052776E2	4.466000000E3
7.982052776E2	9.382000000E3
7.992052776E2	9.568000000E3
8.002052776E2	8.983000000E3
8.012052776E2	9.615000000E3
8.022052776E2	1.043200000E4
8.032052776E2	1.113600000E4
8.042052776E2	1.057100000E4
8.052052776E2	1.007100000E4
8.062052776E2	6.733000000E3
8.072052776E2	8.870000000E3
8.082052776E2	8.046000000E3
8.092052776E2	6.418000000E3
8.102052776E2	8.864000000E3
8.112052776E2	6.665000000E3
8.122052776E2	6.087000000E3
8.132052776E2	8.204000000E3
8.142052776E2	8.222000000E3
8.152052776E2	7.289000000E3
8.162052776E2	1.178400000E4
8.172052776E2	1.200400000E4
8.182052776E2	1.233700000E4
8.192052776E2	1.013700000E4
8.202052776E2	1.302200000E4
8.212052776E2	1.061500000E4
8.222052776E2	5.260000000E2
8.232052776E2	3.900000000E1
8.242052776E2	4.800000000E1
8.252052776E2	5.640000000E2
8.262052776E2	7.310000000E3
8.272052776E2	1.020000000E3
8.282052776E2	5.578000000E3
8.292052776E2	8.950000000E2
8.302052776E2	8.300000000E1
8.312052776E2	3.060000000E2
8.322052776E2	1.049000000E3
8.332052776E2	3.214000000E3
8.342052776E2	3.500000000E2
8.352052776E2	4.898000000E3
8.362052776E2	1.731000000E3
8.372052776E2	2.290000000E2
8.382052776E2	1.540000000E2
8.392052776E2	8.060000000E2
8.402052776E2	4.142000000E3
8.412052776E2	1.194400000E4
8.422052776E2	6.601000000E3
8.432052776E2	9.960000000E2
8.442052776E2	1.030000000E2
8.452052776E2	9.030000000E2
8.462052776E2	3.355000000E3
8.472052776E2	3.419000000E3
8.482052776E2	6.497000000E3
8.492052776E2	3.474000000E3
8.502052776E2	3.970000000E3
8.512052776E2	4.999000000E3
8.522052776E2	3.470000000E3
8.532052776E2	7.085000000E3
8.542052776E2	8.116000000E3
8.552052776E2	8.398000000E3
8.562052776E2	9.121000000E3
8.572052776E2	8.870000000E3
8.582052776E2	7.933000000E3
8.592052776E2	5.183000000E3
8.602052776E2	3.957000000E3
8.612052776E2	3.862000000E3
8.622052776E2	3.020000000E3
8.632052776E2	2.024000000E3
8.642052776E2	2.436000000E3
8.652052776E2	1.738000000E3
8.662052776E2	3.847000000E3
8.672052776E2	3.922000000E3
8.682052776E2	3.567000000E3
8.692052776E2	5.362000000E3
8.702052776E2	4.162000000E3
8.712052776E2	4.649000000E3
8.722052776E2	2.674000000E3
8.732052776E2	2.670000000E3
8.742052776E2	3.697000000E3
8.752052776E2	3.318000000E3
8.762052776E2	5.092000000E3
8.772052776E2	4.652000000E3
8.782052776E2	3.727000000E3
8.792052776E2	4.913000000E3
8.802052776E2	7.842000000E3
8.812052776E2	8.364000000E3
8.822052776E2	7.936000000E3
8.832052776E2	1.207600000E4
8.842052776E2	1.256000000E4
8.852052776E2	1.039500000E4
8.862052776E2	1.132200000E4
8.872052776E2	1.191900000E4
8.882052776E2	1.119000000E4
8.892052776E2	1.118700000E4
8.902052776E2	1.097900000E4
8.912052776E2	8.656000000E3
8.922052776E2	9.837000000E3
8.932052776E2	9.452000000E3
8.942052776E2	9.641000000E3
8.952052776E2	1.083800000E4
8.962052776E2	9.853000000E3
8.972052776E2	1.066600000E4
8.982052776E2	1.158900000E4
8.992052776E2	1.010600000E4
9.002052776E2	1.051400000E4
9.012052776E2	7.744000000E3
9.022052776E2	1.024500000E4
9.032052776E2	1.146300000E4
9.042052776E2	1.027800000E4
9.052052776E2	1.157100000E4
9.062052776E2	1.294400000E4
9.072052776E2	1.401900000E4
9.082052776E2	1.561600000E4
9.092052776E2	1.399400000E4
9.102052776E2	1.118700000E4
9.112052776E2	6.495000000E3
9.122052776E2	8.150000000E3
9.132052776E2	1.063100000E4
9.142052776E2	1.130000000E4
9.152052776E2	1.138900000E4
9.162052776E2	1.160700000E4
9.172052776E2	1.218000000E4
9.182052776E2	1.208000000E4
9.192052776E2	1.242000000E4
9.202052776E2	1.087300000E4
9.212052776E2	9.520000000E3
9.222052776E2	9.769000000E3
9.232052776E2	9.220000000E3
9.242052776E2	1.293700000E4
9.252052776E2	1.242800000E4
9.262052776E2	1.121800000E4
9.272052776E2	1.142200000E4
9.282052776E2	1.072100000E4
9.292052776E2	1.055500000E4
9.302052776E2	1.010800000E4
9.312052776E2	1.108900000E4
9.322052776E2	5.355600000E4
9.332052776E2	1.668400000E4
9.342052776E2	9.646000000E3
9.352052776E2	9.920000000E3
9.362052776E2	1.020900000E4
9.372052776E2	9.115000000E3
9.382052776E2	8.933000000E3
9.392052776E2	9.536000000E3
9.402052776E2	1.000200000E4
9.412052776E2	9.822000000E3
9.422052776E2	9.546000000E3
9.432052776E2	8.216000000E3
9.442052776E2	5.561000000E3
9.452052776E2	4.651000000E3
9.462052776E2	3.670000000E3
9.472052776E2	4.307000000E3
9.482052776E2	6.723000000E3
9.492052776E2	4.402000000E3
9.502052776E2	4.900000000E3
9.512052776E2	4.347000000E3
9.522052776E2	7.688000000E3
9.532052776E2	7.254000000E3
9.542052776E2	7.402000000E3
9.552052776E2	3.983000000E3
9.562052776E2	4.089000000E3
9.572052776E2	6.506000000E3
9.582052776E2	6.893000000E3
9.592052776E2	6.956000000E3
9.602052776E2	7.314000000E3
9.612052776E2	8.053000000E3
9.622052776E2	9.096000000E3
9.632052776E2	4.113000000E3
9.642052776E2	6.805000000E3
9.652052776E2	8.059000000E3
9.662052776E2	9.253000000E3
9.672052776E2	8.861000000E3
9.682052776E2	9.071000000E3
9.692052776E2	8.452000000E3
9.702052776E2	2.926000000E3
9.712052776E2	3.388000000E3
9.722052776E2	3.452000000E3
9.732052776E2	6.899000000E3
9.742052776E2	8.336000000E3
9.752052776E2	9.231000000E3
9.762052776E2	9.257000000E3
9.772052776E2	8.402000000E3
9.782052776E2	3.492000000E3
9.792052776E2	3.047000000E3
9.802052776E2	3.089000000E3
9.812052776E2	3.483000000E3
9.822052776E2	3.022000000E3
9.832052776E2	3.507000000E3
9.842052776E2	3.529000000E3
9.852052776E2	3.642000000E3
9.862052776E2	3.124000000E3
9.872052776E2	2.829000000E3
9.882052776E2	3.342000000E3
9.892052776E2	2.223000000E3
9.902052776E2	3.236000000E3
9.912052776E2	3.084000000E3
9.922052776E2	6.654000000E3
9.932052776E2	3.432000000E3
9.942052776E2	4.657000000E3
9.952052776E2	3.410000000E3
9.962052776E2	4.164000000E3
9.972052776E2	3.983000000E3
9.982052776E2	7.091000000E3
9.992052776E2	9.250000000E3
1.000205278E3	9.643000000E3
1.001205278E3	1.027500000E4
1.002205278E3	9.684000000E3
1.003205278E3	8.993000000E3
1.004205278E3	5.129000000E3
1.005205278E3	3.963000000E3
1.006205278E3	2.802000000E3
1.007205278E3	3.003000000E3
1.008205278E3	3.009000000E3
1.009205278E3	3.168000000E3
1.010205278E3	2.776000000E3
1.011205278E3	3.311000000E3
1.012205278E3	2.798000000E3
1.013205278E3	4.404000000E3
1.014205278E3	2.901000000E3
1.015205278E3	3.423000000E3
1.016205278E3	2.472000000E3
1.017205278E3	3.086000000E3
1.018205278E3	3.214000000E3
1.019205278E3	2.668000000E3
1.020205278E3	3.904000000E3
1.021205278E3	8.672000000E3
1.022205278E3	1.020600000E4
1.023205278E3	1.085700000E4
1.024205278E3	1.159800000E4
1.025205278E3	1.034100000E4
1.026205278E3	7.169000000E3
1.027205278E3	7.081000000E3
1.028205278E3	7.427000000E3
1.029205278E3	6.975000000E3
1.030205278E3	8.427000000E3
1.031205278E3	8.600000000E3
1.032205278E3	8.876000000E3
1.033205278E3	1.081300000E4
1.034205278E3	1.103900000E4
1.035205278E3	1.110500000E4
1.036205278E3	1.101700000E4
1.037205278E3	1.098900000E4
1.038205278E3	1.095400000E4
1.039205278E3	1.095400000E4
1.040205278E3	1.103600000E4
1.041205278E3	1.058000000E4
1.042205278E3	1.075600000E4
1.043205278E3	1.286200000E4
1.044205278E3	1.396500000E4
1.045205278E3	1.437400000E4
1.046205278E3	1.471700000E4
1.047205278E3	1.547400000E4
1.048205278E3	1.536700000E4
1.049205278E3	1.706800000E4
1.050205278E3	1.410400000E4
1.051205278E3	1.627600000E4
1.052205278E3	1.461600000E4
1.053205278E3	1.524200000E4
1.054205278E3	1.554600000E4
1.055205278E3	1.594600000E4
1.056205278E3	1.479200000E4
1.057205278E3	1.501500000E4
1.058205278E3	1.544000000E4
1.059205278E3	1.559000000E4
1.060205278E3	1.638600000E4
1.061205278E3	1.528600000E4
1.062205278E3	1.524500000E4
1.063205278E3	1.454400000E4
1.064205278E3	1.446500000E4
1.065205278E3	1.466300000E4
1.066205278E3	1.160500000E4
1.067205278E3	1.268000000E4
1.068205278E3	1.738200000E4
1.069205278E3	1.106000000E4
1.070205278E3	5.117600000E4
1.071205278E3	1.069900000E4
1.072205278E3	1.192200000E4
1.073205278E3	1.265100000E4
1.074205278E3	1.283100000E4
1.075205278E3	1.433300000E4
1.076205278E3	1.461300000E4
1.077205278E3	1.154200000E4
1.078205278E3	1.334000000E4
1.079205278E3	1.456900000E4
1.080205278E3	7.861000000E3
1.081205278E3	7.000000000E3
1.082205278E3	8.471000000E3
1.083205278E3	9.426000000E3
1.084205278E3	8.276000000E3
1.085205278E3	9.055000000E3
1.086205278E3	9.533000000E3
1.087205278E3	1.044500000E4
1.088205278E3	1.075300000E4
1.089205278E3	1.058600000E4
1.090205278E3	1.067700000E4
1.091205278E3	1.072800000E4
1.092205278E3	1.009000000E4
1.093205278E3	1.018400000E4
1.094205278E3	1.130600000E4
1.095205278E3	1.415400000E4
1.096205278E3	1.162000000E4
1.097205278E3	1.196000000E4
1.098205278E3	1.548000000E4
1.099205278E3	1.420400000E4
1.100205278E3	1.310400000E4
1.101205278E3	1.298800000E4
1.102205278E3	1.021500000E4
1.103205278E3	1.257600000E4
1.104205278E3	9.191000000E3
1.105205278E3	9.263000000E3
1.106205278E3	9.115000000E3
1.107205278E3	9.084000000E3
1.108205278E3	9.225000000E3
1.109205278E3	9.294000000E3
1.110205278E3	9.448000000E3
1.111205278E3	9.558000000E3
1.112205278E3	1.039800000E4
1.113205278E3	9.420000000E3
1.114205278E3	8.986000000E3
1.115205278E3	8.757000000E3
1.116205278E3	8.622000000E3
1.117205278E3	8.779000000E3
1.118205278E3	8.769000000E3
1.119205278E3	1.180900000E4
1.120205278E3	8.553000000E3
1.121205278E3	8.801000000E3
1.122205278E3	8.279000000E3
1.123205278E3	8.930000000E3
1.124205278E3	9.486000000E3
1.125205278E3	9.976000000E3
1.126205278E3	9.392000000E3
1.127205278E3	9.404000000E3
1.128205278E3	9.587000000E3
1.129205278E3	9.307000000E3
1.130205278E3	9.373000000E3
1.131205278E3	9.486000000E3
1.132205278E3	8.798000000E3
1.133205278E3	5.531600000E4
1.134205278E3	6.812500000E4
1.135205278E3	2.092800000E4
1.136205278E3	1.241600000E4
1.137205278E3	1.130000000E4
1.138205278E3	9.863000000E3
1.139205278E3	1.052700000E4
1.140205278E3	1.157600000E4
1.141205278E3	1.159200000E4
1.142205278E3	1.660300000E4
1.143205278E3	1.606200000E4
1.144205278E3	1.539600000E4
1.145205278E3	1.415400000E4
1.146205278E3	1.572900000E4
1.147205278E3	1.527600000E4
1.148205278E3	1.579500000E4
1.149205278E3	1.255100000E4
1.150205278E3	1.380500000E4
1.151205278E3	8.493000000E3
1.152205278E3	6.424000000E3
1.153205278E3	7.729000000E3
1.154205278E3	7.433000000E3
1.155205278E3	7.531000000E3
1.156205278E3	8.147000000E3
1.157205278E3	7.952000000E3
1.158205278E3	8.125000000E3
1.159205278E3	8.546000000E3
1.160205278E3	8.606000000E3
1.161205278E3	8.923000000E3
1.162205278E3	1.055500000E4
1.163205278E3	1.218600000E4
1.164205278E3	1.118000000E4
1.165205278E3	1.123100000E4
1.166205278E3	1.275200000E4
1.167205278E3	1.097600000E4
1.168205278E3	9.238000000E3
1.169205278E3	9.477000000E3
1.170205278E3	9.489000000E3
1.171205278E3	1.427300000E4
1.172205278E3	1.043900000E4
1.173205278E3	6.318000000E3
1.174205278E3	7.902000000E3
1.175205278E3	7.125000000E3
1.176205278E3	6.092000000E3
1.177205278E3	5.589000000E3
1.178205278E3	5.109000000E3
1.179205278E3	5.111000000E3
1.180205278E3	5.086000000E3
1.181205278E3	9.067000000E3
1.182205278E3	1.063700000E4
1.183205278E3	7.134000000E3
1.184205278E3	5.016000000E3
1.185205278E3	4.871000000E3
1.186205278E3	4.620000000E3
1.187205278E3	4.587000000E3
1.188205278E3	4.364000000E3
1.189205278E3	4.223000000E3
1.190205278E3	5.937000000E3
1.191205278E3	3.985000000E3
1.192205278E3	3.363000000E3
1.193205278E3	4.592000000E3
1.194205278E3	3.894000000E3
1.195205278E3	3.253000000E3
1.196205278E3	1.489000000E3
1.197205278E3	9.650000000E2
1.198205278E3	3.800000000E2
1.199205278E3	2.010000000E2
1.200205278E3	6.900000000E1
1.201205278E3	5.300000000E1
1.202205278E3	4.700000000E1
1.203205278E3	1.380000000E2
1.204205278E3	1.320000000E2
1.205205278E3	3.400000000E1
1.206205278E3	2.200000000E1
1.207205278E3	2.200000000E1
1.208205278E3	3.100000000E1
1.209205278E3	4.000000000E1
1.210205278E3	4.210000000E2
1.211205278E3	6.190000000E2
1.212205278E3	1.220000000E2
1.213205278E3	7.980000000E2
1.214205278E3	2.800000000E1
1.215205278E3	4.000000000E1
1.216205278E3	6.750000000E2
1.217205278E3	5.180000000E2
1.218205278E3	5.300000000E1
1.219205278E3	2.500000000E1
1.220205278E3	2.200000000E1
1.221205278E3	8.400000000E1
1.222205278E3	4.700000000E1
1.223205278E3	1.200000000E1
1.224205278E3	1.200000000E1
1.225205278E3	9.000000000E0
1.226205278E3	9.000000000E0
1.227205278E3	5.000000000E1
1.228205278E3	5.300000000E1
1.229205278E3	2.800000000E1
1.230205278E3	3.400000000E1
1.231205278E3	6.900000000E1
1.232205278E3	9.000000000E0
1.233205278E3	1.200000000E1
1.234205278E3	5.300000000E1
1.235205278E3	3.400000000E1
1.236205278E3	2.980000000E2
1.237205278E3	9.700000000E1
1.238205278E3	4.000000000E1
1.239205278E3	1.980000000E2
1.240205278E3	1.160000000E2
1.241205278E3	8.400000000E1
1.242205278E3	1.060000000E2
1.243205278E3	2.500000000E1
1.244205278E3	5.900000000E1
1.245205278E3	2.200000000E1
1.246205278E3	2.800000000E1
1.247205278E3	6.200000000E1
1.248205278E3	2.730000000E2
1.249205278E3	9.400000000E1
1.250205278E3	6.600000000E1
1.251205278E3	9.700000000E1
1.252205278E3	3.770000000E2
1.253205278E3	8.580000000E2
1.254205278E3	2.253000000E3
1.255205278E3	3.542000000E3
1.256205278E3	3.680000000E3
1.257205278E3	3.724000000E3
1.258205278E3	3.636000000E3
1.259205278E3	3.907000000E3
1.260205278E3	4.083000000E3
1.261205278E3	2.231000000E3
1.262205278E3	2.666000000E3
1.263205278E3	2.536000000E3
1.264205278E3	1.958000000E3
1.265205278E3	3.084000000E3
1.266205278E3	2.732000000E3
1.267205278E3	2.652000000E3
1.268205278E3	3.752000000E3
1.269205278E3	3.324000000E3
1.270205278E3	3.382000000E3
1.271205278E3	3.659000000E3
1.272205278E3	3.029000000E3
1.273205278E3	3.721000000E3
1.274205278E3	4.411000000E3
1.275205278E3	3.214000000E3
1.276205278E3	3.683000000E3
1.277205278E3	3.778000000E3
1.278205278E3	3.452000000E3
1.279205278E3	3.761000000E3
1.280205278E3	7.889000000E3
1.281205278E3	1.106100000E4
1.282205278E3	9.505000000E3
1.283205278E3	8.304000000E3
1.284205278E3	8.461000000E3
1.285205278E3	3.397900000E4
1.286205278E3	1.018100000E4
1.287205278E3	1.461900000E4
1.288205278E3	6.596000000E3
1.289205278E3	8.534000000E3
1.290205278E3	4.344000000E3
1.291205278E3	4.278000000E3
1.292205278E3	5.096000000E3
1.293205278E3	1.551500000E4
1.294205278E3	1.111100000E4
1.295205278E3	1.213600000E4
1.296205278E3	1.247200000E4
1.297205278E3	1.169000000E4
1.298205278E3	9.345000000E3
1.299205278E3	7.187000000E3
1.300205278E3	7.196000000E3
1.301205278E3	8.399000000E3
1.302205278E3	8.617000000E3
1.303205278E3	8.619000000E3
1.304205278E3	1.264200000E4
1.305205278E3	6.616000000E3
1.306205278E3	5.836000000E3
1.307205278E3	5.653000000E3
1.308205278E3	7.105000000E3
1.309205278E3	7.381000000E3
1.310205278E3	7.200000000E3
1.311205278E3	7.387000000E3
1.312205278E3	7.616000000E3
1.313205278E3	8.648000000E3
1.314205278E3	6.242000000E3
1.315205278E3	6.116000000E3
1.316205278E3	7.279000000E3
1.317205278E3	7.978000000E3
1.318205278E3	7.431000000E3
1.319205278E3	6.638000000E3
1.320205278E3	5.321000000E3
1.321205278E3	4.759000000E3
1.322205278E3	5.574000000E3
1.323205278E3	4.373000000E3
1.324205278E3	6.015000000E3
1.325205278E3	7.429000000E3
1.326205278E3	6.980000000E3
1.327205278E3	8.081000000E3
1.328205278E3	7.134000000E3
1.329205278E3	6.634000000E3
1.330205278E3	6.310000000E3
1.331205278E3	5.217000000E3
1.332205278E3	5.003000000E3
1.333205278E3	5.252000000E3
1.334205278E3	5.402000000E3
1.335205278E3	5.523000000E3
1.336205278E3	6.929000000E3
1.337205278E3	1.109900000E4
1.338205278E3	9.228000000E3
1.339205278E3	1.011500000E4
1.340205278E3	1.261400000E4
1.341205278E3	1.070300000E4
1.342205278E3	7.999000000E3
1.343205278E3	8.354000000E3
1.344205278E3	9.216000000E3
1.345205278E3	6.770000000E3
1.346205278E3	6.528000000E3
1.347205278E3	7.493000000E3
1.348205278E3	5.280000000E3
1.349205278E3	6.173000000E3
1.350205278E3	6.566000000E3
1.351205278E3	6.324000000E3
1.352205278E3	6.770000000E3
1.353205278E3	7.185000000E3
1.354205278E3	7.191000000E3
1.355205278E3	6.440000000E3
1.356205278E3	5.639000000E3
1.357205278E3	4.560000000E3
1.358205278E3	3.888000000E3
1.359205278E3	2.976000000E3
1.360205278E3	2.580000000E3
1.361205278E3	2.624000000E3
1.362205278E3	3.344000000E3
1.363205278E3	1.678000000E3
1.364205278E3	1.942000000E3
1.365205278E3	5.370000000E2
1.366205278E3	9.710000000E2
1.367205278E3	2.730000000E2
1.368205278E3	6.500000000E2
1.369205278E3	5.560000000E2
1.370205278E3	4.550000000E2
1.371205278E3	1.250000000E2
1.372205278E3	7.200000000E1
1.373205278E3	3.170000000E2
1.374205278E3	3.390000000E2
1.375205278E3	2.820000000E2
1.376205278E3	3.400000000E1
1.377205278E3	1.380000000E2
1.378205278E3	1.440000000E2
1.379205278E3	1.380000000E2
1.380205278E3	1.190000000E2
1.381205278E3	8.100000000E1
1.382205278E3	2.800000000E1
1.383205278E3	2.800000000E1
1.384205278E3	6.200000000E1
1.385205278E3	7.800000000E1
1.386205278E3	6.200000000E1
1.387205278E3	6.200000000E1
1.388205278E3	5.900000000E1
1.389205278E3	5.300000000E1
1.390205278E3	5.000000000E1
1.391205278E3	2.500000000E1
1.392205278E3	5.600000000E1
1.393205278E3	1.200000000E1
1.394205278E3	1.200000000E1
1.395205278E3	1.800000000E1
1.396205278E3	6.600000000E1
1.397205278E3	3.080000000E2
1.398205278E3	3.170000000E2
1.399205278E3	3.550000000E2
1.400205278E3	3.040000000E2
1.401205278E3	1.820000000E2
1.402205278E3	1.130000000E2
1.403205278E3	7.200000000E1
1.404205278E3	5.300000000E1
1.405205278E3	5.300000000E1
1.406205278E3	5.900000000E1
1.407205278E3	6.600000000E1
1.408205278E3	2.010000000E2
1.409205278E3	2.800000000E1
1.410205278E3	2.800000000E1
1.411205278E3	3.100000000E1
1.412205278E3	2.200000000E1
1.413205278E3	1.800000000E1
1.414205278E3	2.200000000E1
1.415205278E3	7.200000000E1
1.416205278E3	1.980000000E2
1.417205278E3	9.100000000E1
1.418205278E3	9.000000000E0
1.419205278E3	4.000000000E1
1.420205278E3	3.400000000E1
1.421205278E3	6.600000000E1
1.422205278E3	1.660000000E2
1.423205278E3	9.400000000E1
1.424205278E3	9.700000000E1
1.425205278E3	1.000000000E2
1.426205278E3	1.500000000E2
1.427205278E3	1.540000000E2
1.428205278E3	1.160000000E2
1.429205278E3	1.190000000E2
1.430205278E3	1.280000000E2
1.431205278E3	1.100000000E2
1.432205278E3	9.400000000E1
1.433205278E3	1.220000000E2
1.434205278E3	1.570000000E2
1.435205278E3	1.440000000E2
1.436205278E3	9.700000000E1
1.437205278E3	1.220000000E2
1.438205278E3	1.660000000E2
1.439205278E3	1.470000000E2
1.440205278E3	1.440000000E2
1.441205278E3	1.440000000E2
1.442205278E3	1.690000000E2
1.443205278E3	1.720000000E2
1.444205278E3	2.510000000E2
1.445205278E3	2.730000000E2
1.446205278E3	2.320000000E2
1.447205278E3	2.290000000E2
1.448205278E3	2.070000000E2
1.449205278E3	2.130000000E2
1.450205278E3	2.890000000E2
1.451205278E3	2.600000000E2
1.452205278E3	2.890000000E2
1.453205278E3	2.890000000E2
1.454205278E3	2.920000000E2
1.455205278E3	2.790000000E2
1.456205278E3	2.920000000E2
1.457205278E3	2.950000000E2
1.458205278E3	2.890000000E2
1.459205278E3	2.790000000E2
1.460205278E3	2.790000000E2
1.461205278E3	1.910000000E2
1.462205278E3	2.100000000E2
1.463205278E3	2.380000000E2
1.464205278E3	1.980000000E2
1.465205278E3	1.440000000E2
1.466205278E3	1.690000000E2
1.467205278E3	1.540000000E2
1.468205278E3	1.600000000E2
1.469205278E3	1.720000000E2
1.470205278E3	1.660000000E2
1.471205278E3	1.600000000E2
1.472205278E3	1.470000000E2
1.473205278E3	1.720000000E2
1.474205278E3	1.790000000E2
1.475205278E3	2.130000000E2
1.476205278E3	2.010000000E2
1.477205278E3	2.070000000E2
1.478205278E3	2.350000000E2
1.479205278E3	1.880000000E2
1.480205278E3	7.800000000E1
1.481205278E3	1.130000000E2
1.482205278E3	9.100000000E1
1.483205278E3	8.100000000E1
1.484205278E3	8.100000000E1
1.485205278E3	5.900000000E1
1.486205278E3	5.600000000E1
1.487205278E3	5.900000000E1
1.488205278E3	6.900000000E1
1.489205278E3	7.200000000E1
1.490205278E3	7.200000000E1
1.491205278E3	7.200000000E1
1.492205278E3	8.400000000E1
1.493205278E3	6.900000000E1
1.494205278E3	6.600000000E1
1.495205278E3	8.100000000E1
1.496205278E3	5.000000000E1
1.497205278E3	8.800000000E1
1.498205278E3	8.800000000E1
1.499205278E3	8.800000000E1
1.500205278E3	9.400000000E1
1.501205278E3	8.800000000E1
1.502205278E3	8.400000000E1
1.503205278E3	8.100000000E1
1.504205278E3	7.200000000E1
1.505205278E3	9.700000000E1
1.506205278E3	9.700000000E1
1.507205278E3	9.700000000E1
1.508205278E3	9.700000000E1
1.509205278E3	9.700000000E1
1.510205278E3	9.700000000E1
1.511205278E3	9.700000000E1
1.512205278E3	9.700000000E1
1.513205278E3	9.700000000E1
1.514205278E3	9.400000000E1
1.515205278E3	9.400000000E1
1.516205278E3	9.400000000E1
1.517205278E3	9.400000000E1
1.518205278E3	9.400000000E1
1.519205278E3	9.400000000E1
1.520205278E3	8.800000000E1
1.521205278E3	3.400000000E1
1.522205278E3	6.600000000E1
1.523205278E3	5.300000000E1
1.524205278E3	6.600000000E1
1.525205278E3	6.600000000E1
1.526205278E3	6.600000000E1
1.527205278E3	6.200000000E1
1.528205278E3	6.200000000E1
1.529205278E3	9.100000000E1
1.530205278E3	9.400000000E1
1.531205278E3	9.700000000E1
1.532205278E3	9.700000000E1
1.533205278E3	9.700000000E1
1.534205278E3	9.700000000E1
1.535205278E3	9.700000000E1
1.536205278E3	9.700000000E1
1.537205278E3	9.700000000E1
1.538205278E3	9.700000000E1
1.539205278E3	9.700000000E1
1.540205278E3	9.700000000E1
1.541205278E3	9.700000000E1
1.542205278E3	9.700000000E1
1.543205278E3	9.700000000E1
1.544205278E3	9.700000000E1
1.545205278E3	9.700000000E1
1.546205278E3	9.700000000E1
1.547205278E3	9.700000000E1
1.548205278E3	9.700000000E1
1.549205278E3	9.700000000E1
1.550205278E3	9.700000000E1
1.551205278E3	9.700000000E1
1.552205278E3	9.700000000E1
1.553205278E3	9.700000000E1
1.554205278E3	9.700000000E1
1.555205278E3	9.700000000E1
1.556205278E3	9.400000000E1
1.557205278E3	9.400000000E1
1.558205278E3	9.700000000E1
1.559205278E3	9.700000000E1
1.560205278E3	9.700000000E1
1.561205278E3	9.700000000E1
1.562205278E3	9.700000000E1
1.563205278E3	9.400000000E1
1.564205278E3	9.400000000E1
1.565205278E3	9.400000000E1
1.566205278E3	9.400000000E1
1.567205278E3	9.400000000E1
1.568205278E3	9.400000000E1
1.569205278E3	9.400000000E1
1.570205278E3	9.400000000E1
1.571205278E3	9.400000000E1
1.572205278E3	9.400000000E1
1.573205278E3	9.100000000E1
1.574205278E3	8.800000000E1
1.575205278E3	8.800000000E1
1.576205278E3	8.400000000E1
1.577205278E3	8.100000000E1
1.578205278E3	8.400000000E1
1.579205278E3	8.100000000E1
1.580205278E3	8.400000000E1
1.581205278E3	8.400000000E1
1.582205278E3	8.400000000E1
1.583205278E3	8.400000000E1
1.584205278E3	8.400000000E1
1.585205278E3	8.400000000E1
1.586205278E3	9.400000000E1
1.587205278E3	7.200000000E1
1.588205278E3	8.100000000E1
1.589205278E3	7.800000000E1
1.590205278E3	7.200000000E1
1.591205278E3	8.100000000E1
1.592205278E3	8.800000000E1
1.593205278E3	9.400000000E1
1.594205278E3	9.400000000E1
1.595205278E3	9.400000000E1
1.596205278E3	9.400000000E1
1.597205278E3	9.400000000E1
1.598205278E3	9.400000000E1
1.599205278E3	9.400000000E1
1.600205278E3	9.400000000E1
1.601205278E3	9.400000000E1
1.602205278E3	9.400000000E1
1.603205278E3	9.400000000E1
1.604205278E3	9.400000000E1
1.605205278E3	9.400000000E1
1.606205278E3	9.400000000E1
1.607205278E3	9.400000000E1
1.608205278E3	9.400000000E1
1.609205278E3	9.400000000E1
1.610205278E3	9.400000000E1
1.611205278E3	9.700000000E1
1.612205278E3	9.700000000E1
1.613205278E3	9.400000000E1
1.614205278E3	9.700000000E1
1.615205278E3	9.700000000E1
1.616205278E3	9.400000000E1
1.617205278E3	9.400000000E1
1.618205278E3	9.400000000E1
1.619205278E3	9.400000000E1
1.620205278E3	9.400000000E1
1.621205278E3	9.400000000E1
1.622205278E3	9.400000000E1
1.623205278E3	9.400000000E1
1.624205278E3	9.100000000E1
1.625205278E3	9.100000000E1
1.626205278E3	9.400000000E1
1.627205278E3	9.400000000E1
1.628205278E3	9.400000000E1
1.629205278E3	9.400000000E1
1.630205278E3	9.400000000E1
1.631205278E3	9.400000000E1
1.632205278E3	9.400000000E1
1.633205278E3	9.400000000E1
1.634205278E3	9.700000000E1
1.635205278E3	9.700000000E1
1.636205278E3	9.700000000E1
1.637205278E3	9.700000000E1
1.638205278E3	9.700000000E1
1.639205278E3	9.700000000E1
1.640205278E3	9.700000000E1
1.641205278E3	9.400000000E1
1.642205278E3	9.700000000E1
1.643205278E3	9.700000000E1
1.644205278E3	9.700000000E1
1.645205278E3	9.700000000E1
1.646205278E3	9.700000000E1
1.647205278E3	9.700000000E1
1.648205278E3	9.700000000E1
1.649205278E3	9.700000000E1
1.650205278E3	9.700000000E1
1.651205278E3	9.700000000E1
1.652205278E3	9.100000000E1
1.653205278E3	9.700000000E1
1.654205278E3	9.700000000E1
1.655205278E3	9.700000000E1
1.656205278E3	9.700000000E1
1.657205278E3	9.700000000E1
1.658205278E3	9.700000000E1
1.659205278E3	9.700000000E1
1.660205278E3	9.700000000E1
1.661205278E3	9.700000000E1
1.662205278E3	9.700000000E1
1.663205278E3	9.700000000E1
1.664205278E3	9.700000000E1
1.665205278E3	9.700000000E1
1.666205278E3	9.700000000E1
1.667205278E3	9.700000000E1
1.668205278E3	9.700000000E1
1.669205278E3	9.700000000E1
1.670205278E3	9.700000000E1
1.671205278E3	9.700000000E1
1.672205278E3	9.700000000E1
1.673205278E3	9.700000000E1
1.674205278E3	9.700000000E1
1.675205278E3	9.700000000E1
1.676205278E3	9.700000000E1
1.677205278E3	9.700000000E1
1.678205278E3	9.700000000E1
1.679205278E3	9.700000000E1
1.680205278E3	9.700000000E1
1.681205278E3	9.700000000E1
1.682205278E3	9.700000000E1
1.683205278E3	9.700000000E1
1.684205278E3	9.700000000E1
1.685205278E3	9.700000000E1
1.686205278E3	9.700000000E1
1.687205278E3	9.700000000E1
1.688205278E3	9.700000000E1
1.689205278E3	9.700000000E1
1.690205278E3	9.700000000E1
1.691205278E3	9.700000000E1
1.692205278E3	9.700000000E1
1.693205278E3	9.700000000E1
1.694205278E3	9.700000000E1
1.695205278E3	9.700000000E1
1.696205278E3	9.700000000E1
1.697205278E3	9.700000000E1
1.698205278E3	9.700000000E1
1.699205278E3	9.700000000E1
1.700205278E3	9.700000000E1
1.701205278E3	9.700000000E1
1.702205278E3	9.700000000E1
1.703205278E3	9.700000000E1
1.704205278E3	9.700000000E1
1.705205278E3	9.700000000E1
1.706205278E3	9.700000000E1
1.707205278E3	9.700000000E1
1.708205278E3	9.700000000E1
1.709205278E3	9.700000000E1
1.710205278E3	9.700000000E1
1.711205278E3	9.700000000E1
1.712205278E3	9.700000000E1
1.713205278E3	9.700000000E1
1.714205278E3	9.700000000E1
1.715205278E3	9.700000000E1
1.716205278E3	9.700000000E1
1.717205278E3	9.700000000E1
1.718205278E3	9.700000000E1
1.719205278E3	9.700000000E1
1.720205278E3	9.700000000E1
1.721205278E3	9.700000000E1
1.722205278E3	1.000000000E2
1.723205278E3	1.000000000E2
1.724205278E3	9.400000000E1
1.725205278E3	9.700000000E1
1.726205278E3	9.700000000E1
1.727205278E3	9.700000000E1
1.728205278E3	9.700000000E1
1.729205278E3	1.000000000E2
1.730205278E3	9.700000000E1
1.731205278E3	9.700000000E1
1.732205278E3	9.100000000E1
1.733205278E3	9.100000000E1
1.734205278E3	9.700000000E1
1.735205278E3	9.700000000E1
1.736205278E3	9.700000000E1
1.737205278E3	9.700000000E1
1.738205278E3	9.700000000E1
1.739205278E3	9.400000000E1
1.740205278E3	9.700000000E1
1.741205278E3	9.400000000E1
1.742205278E3	9.700000000E1
1.743205278E3	9.400000000E1
1.744205278E3	9.700000000E1
1.745205278E3	9.700000000E1
1.746205278E3	9.700000000E1
1.747205278E3	9.700000000E1
1.748205278E3	9.700000000E1
1.749205278E3	9.700000000E1
1.750205278E3	9.700000000E1
1.751205278E3	9.700000000E1
1.752205278E3	9.700000000E1
1.753205278E3	9.700000000E1
1.754205278E3	9.700000000E1
1.755205278E3	9.700000000E1
1.756205278E3	9.700000000E1
1.757205278E3	9.700000000E1
1.758205278E3	9.700000000E1
1.759205278E3	9.700000000E1
1.760205278E3	9.700000000E1
1.761205278E3	9.700000000E1
1.762205278E3	9.700000000E1
1.763205278E3	9.700000000E1
1.764205278E3	9.700000000E1
1.765205278E3	9.700000000E1
1.766205278E3	9.700000000E1
1.767205278E3	9.700000000E1
1.768205278E3	9.700000000E1
1.769205278E3	9.700000000E1
1.770205278E3	9.700000000E1
1.771205278E3	9.700000000E1
1.772205278E3	9.700000000E1
1.773205278E3	9.700000000E1
1.774205278E3	9.700000000E1
1.775205278E3	9.700000000E1
1.776205278E3	9.700000000E1
1.777205278E3	9.700000000E1
1.778205278E3	9.700000000E1
1.779205278E3	9.700000000E1
1.780205278E3	9.700000000E1
1.781205278E3	9.700000000E1
1.782205278E3	9.700000000E1
1.783205278E3	1.000000000E2
1.784205278E3	1.000000000E2
1.785205278E3	1.000000000E2
1.786205278E3	1.000000000E2
1.787205278E3	1.000000000E2
1.788205278E3	9.700000000E1
1.789205278E3	9.700000000E1
1.790205278E3	1.000000000E2
1.791205278E3	1.000000000E2
1.792205278E3	1.000000000E2
1.793205278E3	1.000000000E2
1.794205278E3	1.000000000E2
1.795205278E3	1.000000000E2
1.796205278E3	1.000000000E2
1.797205278E3	1.000000000E2
1.798205278E3	1.000000000E2
1.799205278E3	1.000000000E2
1.800205278E3	1.000000000E2
1.801205278E3	1.000000000E2
1.802205278E3	1.000000000E2
1.803205278E3	1.000000000E2
1.804205278E3	1.000000000E2
1.805205278E3	1.000000000E2
1.806205278E3	1.000000000E2
1.807205278E3	1.000000000E2
1.808205278E3	1.000000000E2
1.809205278E3	1.000000000E2
1.810205278E3	1.000000000E2
1.811205278E3	1.000000000E2
1.812205278E3	1.000000000E2
1.813205278E3	1.000000000E2
1.814205278E3	1.000000000E2
1.815205278E3	1.000000000E2
1.816205278E3	1.000000000E2
1.817205278E3	1.000000000E2
1.818205278E3	1.000000000E2
1.819205278E3	1.000000000E2
1.820205278E3	1.000000000E2
1.821205278E3	1.000000000E2
1.822205278E3	1.000000000E2
1.823205278E3	1.000000000E2
1.824205278E3	1.000000000E2
1.825205278E3	1.000000000E2
1.826205278E3	1.000000000E2
1.827205278E3	1.000000000E2
1.828205278E3	1.000000000E2
1.829205278E3	1.000000000E2
1.830205278E3	1.000000000E2
1.831205278E3	1.000000000E2
1.832205278E3	1.000000000E2
1.833205278E3	9.700000000E1
1.834205278E3	1.000000000E2
1.835205278E3	1.000000000E2
1.836205278E3	1.000000000E2
1.837205278E3	9.700000000E1
1.838205278E3	1.000000000E2
1.839205278E3	9.700000000E1
1.840205278E3	9.700000000E1
1.841205278E3	1.000000000E2
1.842205278E3	1.000000000E2
1.843205278E3	1.000000000E2
1.844205278E3	1.000000000E2
1.845205278E3	9.700000000E1
1.846205278E3	1.000000000E2
1.847205278E3	1.000000000E2
1.848205278E3	1.000000000E2
1.849205278E3	1.000000000E2
1.850205278E3	1.000000000E2
1.851205278E3	1.000000000E2
1.852205278E3	1.000000000E2
1.853205278E3	1.000000000E2
1.854205278E3	8.100000000E1
1.855205278E3	9.700000000E1
1.856205278E3	1.000000000E2
1.857205278E3	1.000000000E2
1.858205278E3	1.000000000E2
1.859205278E3	1.000000000E2
1.860205278E3	1.000000000E2
1.861205278E3	1.000000000E2
1.862205278E3	1.000000000E2
1.863205278E3	1.000000000E2
1.864205278E3	1.000000000E2
1.865205278E3	1.000000000E2
1.866205278E3	1.000000000E2
1.867205278E3	1.000000000E2
1.868205278E3	9.700000000E1
1.869205278E3	1.000000000E2
1.870205278E3	9.700000000E1
1.871205278E3	1.000000000E2
1.872205278E3	1.000000000E2
1.873205278E3	1.000000000E2
1.874205278E3	1.000000000E2
1.875205278E3	1.000000000E2
1.876205278E3	1.000000000E2
1.877205278E3	1.000000000E2
1.878205278E3	1.000000000E2
1.879205278E3	1.000000000E2
1.880205278E3	1.000000000E2
1.881205278E3	1.000000000E2
1.882205278E3	1.000000000E2
1.883205278E3	1.000000000E2
1.884205278E3	1.000000000E2
1.885205278E3	1.000000000E2
1.886205278E3	1.000000000E2
1.887205278E3	1.000000000E2
1.888205278E3	1.000000000E2
1.889205278E3	1.000000000E2
1.890205278E3	1.000000000E2
1.891205278E3	1.000000000E2
1.892205278E3	1.000000000E2
1.893205278E3	1.000000000E2
1.894205278E3	1.000000000E2
1.895205278E3	1.000000000E2
1.896205278E3	1.000000000E2
1.897205278E3	1.000000000E2
1.898205278E3	9.400000000E1
1.899205278E3	1.000000000E2
1.900205278E3	1.000000000E2
1.901205278E3	1.000000000E2
1.902205278E3	1.000000000E2
